[陀螺儀,HAS,旋轉螢幕,M50A,M50B,M50C,M50D,M50F] M50A、M50B、M50C、M50D、M50F螢幕有內建陀螺儀嗎？可以旋轉螢幕嗎？ / A：M50A~D 內建陀螺儀，顯示可隨垂直橫向切換。M50A~F 均為固定底座無 HAS 高度調整，故無法旋轉螢幕。M50F 無內建陀螺儀。
[陀螺儀,HAS,旋轉螢幕,M8,M9] 請問 M8 和 M9 有陀螺儀和 HAS 嗎？畫面會隨著螢幕而直式或橫式顯示嗎？ / A：是的，M8 和 M9 均具備陀螺儀與 HAS 升降支架，畫面會自動隨螢幕旋轉切換直式或橫式。
[耳機孔,3.5mm,喇叭,Smart Monitor,ARK] 三星Smart系列螢幕沒有耳機孔 / A：Smart Monitor 系列因內建喇叭通常無 3.5mm 耳機孔，唯獨 Odyssey Ark (G97NB) 為例外。
[Pin碼,密碼,重設,恢復原廠,SmartMonitor] Smart系列要重設或恢復出廠設置，Pin碼如果忘記遺失了怎麼辦嗎 / A：可撥打 0800 三星客服專線，由客服人員提供遠端連線協助重設 Pin 碼。
[瀏覽器,全螢幕,隱藏選單,工具列] 三星螢幕瀏覽器如何設定全螢幕？可以隱藏工具列或標籤列嗎？設定重啟後會保留嗎？ / A：點選右上角齒輪「瀏覽器設定」→「一般」→啟用「隱藏選單」或「自動隱藏選單」。此設定開機重啟後會持續保留。
[Odyssey3D,S27FG900XC,G90XF,裸眼3D,連接方式] Odyssey 3D (S27FG900XC) 基本特色與連接方式 / A：4K 165Hz IPS 裸眼 3D 顯示器。電腦端需透過 DP/HDMI 2.1 加上 USB B-to-A 傳輸線連接，並執行 Windows 專用 Reality Hub 軟體。
[Odyssey3D,GPU設定,RTX視訊增強,Nvidia] Odyssey 3D GPU設定與視訊增強 / A：Windows 圖形設定將瀏覽器設為「高效能(RTX顯卡)」。NVIDIA 控制面板開啟「RTX視訊增強」，調高 Super Resolution 與銳利度可提升立體感。
[Odyssey3D,效果異常,休眠,直立] Odyssey 3D 遊戲視窗在背景或3D效果異常 / A：確認 Odyssey Hub 執行。休眠恢復後若 3D 失效請重新插拔 USB-B 線。螢幕旋轉至直立模式時 3D 功能不支援。
[Odyssey3D,KMPlayer,3D選單,播放器] Odyssey 3D 特定軟體無法喚出3D選單 / A：特定全螢幕播放器（如 KMPlayer）可能無法喚出選單，請更換播放器或改用視訊擷取方式。
[Odyssey3D,PS5,Switch,Xbox,OBS,擷取卡] Odyssey 3D 擷取卡應用與OBS設定 / A：需搭配擷取卡與 OBS（設定 4K 全螢幕投影），才可支援 PS5/Switch/Xbox 遊戲主機與 DRM 串流 2D 轉 3D 播放。
[Odyssey3D,USB節流,電源選項] Odyssey 3D USB節流設定與3D恢復 / A：控制台 → 電源選項 → 變更進階電源設定 → USB 設定 → USB 選擇性暫停設定改為「已停用」，可避免 3D 傳輸中斷。
[QD-OLED,WOLED,V-Stripe,RGB,文字邊緣] 三星 QD-OLED 的 V-Stripe 子像素排列與新式 WOLED 的 RGB 排列誰比較好？ / A：三星 QD-OLED 採用 V-Stripe 垂直條紋排列，相比傳統 WOLED，能顯著提升文字邊緣清晰度，適合文字密集與程式設計。
[iPhone,USB-C,iPhoneAir,DisplayPort] iPhone Air 無法使用 USB-C 連接 Smart Monitor 顯示嗎？ / A：iPhone Air 的 USB-C 僅支援 USB 2 無外接 DisplayPort 輸出，無法有線顯示，請改用 AirPlay。
[iPhone17,USB-C,4K,DisplayPort] iPhone 17 可以用 USB-C 直接連接三星 Smart Monitor 顯示嗎？ / A：Apple 官方規格明載 iPhone 17 的 USB-C 支援 DisplayPort 4K HDR 輸出，螢幕端需具備 USB-C 影像輸入介面。
[CES2026,G90XH,G60H,G80HS,G80HF,G80SH] 2026年1月CES展上發表的三星Odyssey電競顯示器台灣會上市嗎？新款Odyssey有哪些型號與規格？ / A：包含 Odyssey 3D (G90XH 6K 165Hz/3K 330Hz)、G60H (600Hz)、G80HS (6K/3K 雙模)、G80HF (5K/QHD 雙模)、G80SH (4K 240Hz QD-OLED)。
[CoreSync,InfinityCore,RGB,背光燈效] 三星電競螢幕如何確認是否具備 CoreSync 或燈光同步或 Infinity Core Lighting 或背後環型 RGB 燈光功能？ / A：螢幕選單 → 遊戲 → 確認具備「Infinity Core Lighting」→ 將 Lighting 設為 On，選單中選擇 CoreSync 即可同步遊戲畫面色彩。
QA2:{"v":2,"id":"qa-smart-monitor-app-install","enabled":true,"question":"三星 Smart Monitor M5／M7／M8／M9 如何安裝或開啟 Netflix 等應用程式？","scope":{"models":["S27FM501EC","S32FM501EC","S32FM803UC","S32FM902SC"],"aliases":["M5","M7","M8","M9"],"families":["Smart Monitor"]},"intents":["APP_MANAGEMENT"],"terms":["Netflix","應用程式","App","安裝","開啟"],"requiresAction":true,"answer":{"conclusion":"連上網路後，可以從首頁安裝或開啟 Netflix 等 App","steps":["用遙控器進入「首頁 → 應用程式」","搜尋要使用的 App 並選擇安裝","安裝完成後選擇開啟，再依畫面登入帳號"]},"evidence":{"type":"qa"},"priority":115}
QA2:{"v":2,"id":"qa-m50f-airplay","enabled":true,"question":"iPhone 可以用 AirPlay 無線投影到 Smart Monitor M5 M50F 嗎？","scope":{"models":["S27FM501EC","S27FM500EC","S32FM501EC"],"aliases":["M5","M50F"],"families":["Smart Monitor"]},"intents":["AIRPLAY_COMPATIBILITY"],"terms":["AirPlay","iPhone","蘋果投影","無線投影"],"answer":{"conclusion":"M5 M50F 沒有原生支援 AirPlay 2","alternatives":["要用 iPhone 無線投影可選 M7、M8 或 M9","M50F 可改用 HDMI 轉接線、Apple TV 或其他相容視訊盒"]},"evidence":{"type":"qa"},"priority":120}
QA2:{"v":2,"id":"qa-smart-monitor-phone-orientation","enabled":true,"question":"Smart Monitor 可以顯示橫式或直式的手機投影畫面嗎？","scope":{"models":["S27FM500EC","S27FM501EC","S32FM500EC","S32FM501EC","S32DM502EC"],"aliases":["M5","M50F"],"families":["Smart Monitor"]},"intents":["PHONE_SCREEN_ORIENTATION"],"terms":["手機投影","手機畫面","橫式","直式","鏡射"],"answer":{"conclusion":"可以顯示橫式或直式的手機投影畫面","facts":["手機橫向時會以 16:9 橫向滿版顯示；手機直立時會維持直式比例並在兩側留黑邊"],"cautions":["M50F 原廠固定底座沒有 HAS 與陀螺儀，不能靠旋轉螢幕本體自動轉向；需要這項能力可選具陀螺儀與旋轉支架的 M8 或 M9"]},"evidence":{"type":"qa"},"priority":115}
QA2:{"v":2,"id":"qa-s27fm501-language-speakers","enabled":true,"question":"S27FM501EC 支援繁體中文介面與雙喇叭嗎？","scope":{"models":["S27FM501EC"],"aliases":["M5","M50F"],"families":["Smart Monitor"]},"intents":["LANGUAGE","SPEAKERS"],"terms":["繁體中文","中文介面","雙喇叭","立體聲","10W"],"answer":{"conclusion":"支援繁體中文選單，也內建 10W 立體聲雙喇叭"},"evidence":{"type":"qa"},"priority":140}
QA2:{"v":2,"id":"qa-s32dg802-oled-safeguard","enabled":true,"question":"S32DG802SC 有哪些防烙印保護機制？","scope":{"models":["S32DG802SC"],"aliases":["G8","G80SD"],"families":["Odyssey OLED"]},"intents":["OLED_SAFEGUARD"],"terms":["防烙印","Safeguard","冷卻系統","熱調節"],"answer":{"conclusion":"具備 OLED Safeguard+ 防烙印保護","facts":["包含動態冷卻系統、熱調節系統與標誌／工作列防烙印偵測"]},"evidence":{"type":"qa"},"priority":130}
QA2:{"v":2,"id":"manual-s32hg806-dual-mode","enabled":true,"question":"如何切換 Dual Mode 雙模解析度與更新率？","scope":{"models":["S32HG806ES"],"aliases":["G806"],"families":["Odyssey"]},"intents":["DUAL_MODE"],"terms":["Dual Mode","雙模","6K","330Hz"],"answer":{"conclusion":"可以從螢幕選單切換 Dual Mode，改變解析度與更新率","steps":["開啟螢幕 OSD，選擇「Game → Dual Mode」","若常用此功能，可在「Setup Custom Key」把 Dual Mode 指派為自訂鍵"],"facts":["手冊列出 48–165 Hz／48–330 Hz，最高解析度包含 6144 × 3456 @ 165 Hz"],"cautions":["要使用最佳解析度時，手冊要求關閉 Dual Mode"]},"evidence":{"type":"manual_chunk","sourceFile":"S25HG402,S27HG402,S27HG612,S27HG802,S27HG806,S32HG702,S32HG732,S32HG802,S32HG806.pdf","pages":"27、35、43"},"priority":130}
QA2:{"v":2,"id":"manual-s32fm703-hevc","enabled":true,"question":"播放檔案是否支援 HEVC／H.265？","scope":{"models":["S32FM703"],"aliases":["M7","M703"],"families":["Smart Monitor"]},"intents":["HEVC"],"terms":["HEVC","H.265","H265","編解碼器"],"answer":{"conclusion":"支援 HEVC（H.265 Main、Main10）","facts":["HEVC 編解碼器適用於 MKV、MP4、TS 檔案類型"]},"evidence":{"type":"manual_chunk","sourceFile":"S32FM702,S32FM703,S32FM803.pdf","pages":"180、187"},"priority":130}
QA2:{"v":2,"id":"manual-s32fm70x80x-retail-mode","enabled":true,"question":"如何開啟或關閉零售展示模式？","scope":{"models":["S32FM702","S32FM703","S32FM803"],"aliases":["M7","M8","M703","M803"],"families":["Smart Monitor"]},"intents":["RETAIL_MODE"],"terms":["零售模式","展示模式","商店模式","賣場模式","使用模式","家庭模式"],"answer":{"conclusion":"可以在使用模式裡切換零售模式或家庭模式","steps":["依序選擇「設定 → 所有設定 → 一般與隱私權 → 使用模式 → 零售模式」"],"cautions":["零售模式只供店內展示，部分功能會停用且設定會定時自動重設；一般使用請選家庭模式"]},"evidence":{"type":"manual_chunk","sourceFile":"S32FM702,S32FM703,S32FM803.pdf","pages":"170"},"priority":130}
QA2:{"v":2,"id":"manual-s32fm902-app-management-html","enabled":true,"question":"如何在 M9 安裝或開啟 Netflix 等應用程式？","scope":{"models":["S32FM902"],"aliases":["M9","M902"],"families":["Smart Monitor"]},"intents":["APP_MANAGEMENT"],"terms":["應用程式","App","Netflix","YouTube","Disney+","Prime Video","串流","安裝","開啟"],"requiresAction":true,"answer":{"conclusion":"先連上網路，就能從首頁安裝或開啟串流 App","steps":["進入「首頁 → 應用程式」並找到 Netflix 等要使用的 App","選取 App 後按「安裝」；完成後選「開啟」，再依畫面登入帳號"],"cautions":["預設 App、可安裝項目與畫面可能依型號或地區而異"]},"evidence":{"type":"manual_chunk","sourceFile":"M9 User Manual HTML v6.5.0 (Traditional Chinese)","location":"使用者指南 → 首頁 → 應用程式 → 安裝應用程式"},"priority":130}
QA2:{"v":2,"id":"manual-s32fm70x80x-usb-media","enabled":true,"question":"如何從 USB 隨身碟播放相片、影片或音樂？","scope":{"models":["S32FM702","S32FM703","S32FM803"],"aliases":["M7","M8","M703","M803"],"families":["Smart Monitor"]},"intents":["USB_MEDIA_PLAYBACK"],"terms":["USB播放","播放USB","USB影片","USB相片","USB音樂","USB媒體","已連接裝置","外部儲存裝置"],"excludeTerms":["斷線","中斷","不穩","異常","當機","失敗","無法","不能","故障","非官方","網路解法"],"answer":{"conclusion":"接上 USB 裝置後，可以從已連接裝置選擇內容播放","steps":["接上 USB 裝置","開啟「已連接裝置」並選擇該 USB 裝置","從清單選擇要播放的相片、影片或音樂"],"cautions":["能否播放仍受檔案格式與編碼限制"]},"evidence":{"type":"manual_chunk","sourceFile":"S32FM702,S32FM703,S32FM803.pdf","pages":"97、176"},"priority":130}
QA2:{"v":2,"id":"manual-s32fm70x80x-bluetooth-audio","enabled":true,"question":"如何連接藍牙喇叭或耳機？","scope":{"models":["S32FM702","S32FM703","S32FM803"],"aliases":["M7","M8","M703","M803"],"families":["Smart Monitor"]},"intents":["BLUETOOTH_AUDIO"],"terms":["藍牙喇叭","藍牙耳機","藍牙音訊","藍牙音效","Bluetooth喇叭","Bluetooth耳機"],"requiresAction":true,"answer":{"conclusion":"可以從音效輸出清單配對藍牙喇叭或耳機","steps":["先讓藍牙喇叭或耳機進入配對模式","依序選擇「設定 → 所有設定 → 音效 → 音效輸出 → 藍牙揚聲器清單」","從清單選取裝置完成配對；找不到時把裝置移近螢幕並選擇重新整理"],"cautions":["藍牙音訊可能受無線網路影響，功能也可能依型號或地區而異"]},"evidence":{"type":"manual_chunk","sourceFile":"S32FM702,S32FM703,S32FM803.pdf","pages":"151"},"priority":130}
QA2:{"v":2,"id":"manual-s32fm70x80x-wifi-setup","enabled":true,"question":"如何設定或檢查 Wi-Fi 無線網路？","scope":{"models":["S32FM702","S32FM703","S32FM803"],"aliases":["M7","M8","M703","M803"],"families":["Smart Monitor"]},"intents":["WIFI_SETUP"],"terms":["Wi-Fi","無線網路","網路連線","SSID","WPS","網路密碼","網路狀態"],"requiresAction":true,"answer":{"conclusion":"準備好 Wi-Fi 名稱與密碼後，就能從網路設定連線","steps":["依序選擇「設定 → 所有設定 → 連線 → 網路 → 網路設定 → 無線」","選擇基地台名稱（SSID）並輸入密碼；找不到時可選擇新增網路手動輸入 SSID","要檢查連線，可到「設定 → 所有設定 → 連線 → 網路 → 網路狀態」"]},"evidence":{"type":"manual_chunk","sourceFile":"S32FM702,S32FM703,S32FM803.pdf","pages":"8–10"},"priority":125}
QA2:{"v":2,"id":"manual-s32fm70x80x-mobile-screen-share","enabled":true,"question":"如何用手機投影、Smart View 或 AirPlay？","scope":{"models":["S32FM702","S32FM703","S32FM803"],"aliases":["M7","M8","M703","M803"],"families":["Smart Monitor"]},"intents":["MOBILE_SCREEN_SHARE"],"terms":["Smart View","AirPlay","螢幕鏡像","畫面分享","手機投影","手機畫面"],"requiresAction":true,"answer":{"conclusion":"Android 可用 Smart View，iPhone 或 iPad 可用 AirPlay 投影","steps":["Samsung／Android 手機可從「已連接裝置 → 連接指南 → 智慧型手機 → 畫面分享（Smart View）」查看連接方式","iPhone／iPad 先到「設定 → 所有設定 → 連線 → Apple AirPlay 設定」啟用，再從 Apple 裝置選擇這台螢幕"],"cautions":["Smart View、AirPlay 與 Tap View 是否可用仍依型號、行動裝置與地區而異"]},"evidence":{"type":"manual_chunk","sourceFile":"S32FM702,S32FM703,S32FM803.pdf","pages":"12–13"},"priority":125}
QA2:{"v":2,"id":"manual-s32fm70x80x-bluetooth-input","enabled":true,"question":"如何配對藍牙鍵盤、滑鼠或遊戲控制器？","scope":{"models":["S32FM702","S32FM703","S32FM803"],"aliases":["M7","M8","M703","M803"],"families":["Smart Monitor"]},"intents":["BLUETOOTH_INPUT"],"terms":["藍牙鍵盤","藍牙滑鼠","藍牙手把","藍牙遊戲控制器","Bluetooth鍵盤","Bluetooth滑鼠"],"requiresAction":true,"answer":{"conclusion":"可以從連線設定裡配對藍牙鍵盤、滑鼠或遊戲控制器","steps":["依序選擇「設定 → 所有設定 → 連線 → 藍牙」","讓裝置進入配對模式並移近螢幕，再從清單選取；沒有偵測到時重新掃描"],"cautions":["部分應用程式、外部裝置、型號或地區可能不支援此功能"]},"evidence":{"type":"manual_chunk","sourceFile":"S32FM702,S32FM703,S32FM803.pdf","pages":"34"},"priority":125}
QA2:{"v":2,"id":"manual-s32fm70x80x-app-management","enabled":true,"question":"如何安裝、更新、移除或重新安裝應用程式？","scope":{"models":["S32FM702","S32FM703","S32FM803"],"aliases":["M7","M8","M703","M803"],"families":["Smart Monitor"]},"intents":["APP_MANAGEMENT"],"terms":["應用程式","App","Netflix","YouTube","Disney+","Prime Video","串流","安裝","下載","刪除","移除","更新","重新安裝"],"requiresAction":true,"answer":{"conclusion":"連上網路後，可以從應用程式首頁安裝或管理 App","steps":["從「首頁 → 應用程式」找到 Netflix、YouTube 等 App；未安裝時按安裝，已安裝時直接開啟並登入","要更新、移除或重新安裝，請到應用程式首頁底部的「應用程式設定」管理"],"cautions":["預設的標準應用程式無法解除安裝；使用與更新 App 時螢幕必須連線到網路"]},"evidence":{"type":"manual_chunk","sourceFile":"S32FM702,S32FM703,S32FM803.pdf","pages":"68–72"},"priority":125}
QA2:{"v":2,"id":"manual-s32fm70x80x-software-update","enabled":true,"question":"如何更新螢幕軟體或韌體？","scope":{"models":["S32FM702","S32FM703","S32FM803"],"aliases":["M7","M8","M703","M803"],"families":["Smart Monitor"]},"intents":["SOFTWARE_UPDATE"],"terms":["韌體更新","軟體更新","Firmware更新","韌體升級","軟體升級","版本更新"],"requiresAction":true,"answer":{"conclusion":"可透過網路直接更新，也可使用 Samsung 官網下載的 USB 更新套件","steps":["線上更新：選擇「設定 → 支援 → 軟體更新 → 立即更新」，並保持網路連線","USB 更新：把官網下載的更新套件放在 USB 最上層資料夾，再接到螢幕執行更新"],"cautions":["更新完成前切勿關閉電源；完成後螢幕會自動重新啟動，部分影像與音效設定可能回到預設值"]},"evidence":{"type":"manual_chunk","sourceFile":"S32FM702,S32FM703,S32FM803.pdf","pages":"158–159"},"priority":125}
QA2:{"v":2,"id":"manual-s32fm70x80x-factory-reset","enabled":true,"question":"如何恢復原廠或執行出廠資料重設？","scope":{"models":["S32FM702","S32FM703","S32FM803"],"aliases":["M7","M8","M703","M803"],"families":["Smart Monitor"]},"intents":["FACTORY_RESET"],"terms":["恢復原廠","回復原廠","還原原廠","原廠重設","出廠資料重設","出廠設定"],"requiresAction":true,"answer":{"conclusion":"可以從一般與隱私權選單執行出廠資料重設","steps":["依序選擇「設定 → 所有設定 → 一般與隱私權 → 出廠資料重設」","輸入安全 PIN 並再次確認；完成後螢幕會重新啟動並顯示初始設定畫面"],"cautions":["重設會清除設定，請先記錄重要內容；若為可充電型號，請先接上電源線"]},"evidence":{"type":"manual_chunk","sourceFile":"S32FM702,S32FM703,S32FM803.pdf","pages":"171"},"priority":125}
